{
    "Name": "ACME_queue_transfer_AUTO",
    "Type": "QUEUE_TRANSFER",
    "Content": "{\"Version\":\"2019-10-30\",\"StartAction\":\"FLOW_OBJECT_MAPS#\",\"Metadata\":{\"entryPointPosition\":{\"x\":-75.2,\"y\":30.4},\"ActionMetadata\":{\"ec36f274-8b25-4195-b844-aa6ac1e2b025\":{\"position\":{\"x\":262.4,\"y\":40},\"parameters\":{\"EventHooks\":{\"CustomerWhisper\":{\"useDynamic\":true}}},\"useDynamic\":true,\"customerOrAgent\":true},\"FLOW_OBJECT_MAPS#\":{\"position\":{\"x\":28.8,\"y\":30.4},\"isFriendlyName\":true},\"8ede2067-4db8-4bac-83db-4c87f65e8a5b\":{\"position\":{\"x\":544,\"y\":36.8},\"parameters\":{\"EventHooks\":{\"AgentWhisper\":{\"useDynamic\":true}}},\"useDynamic\":true,\"customerOrAgent\":false},\"842346a5-745e-473e-888c-57e5e32e42d6\":{\"position\":{\"x\":848.8,\"y\":40.8}},\"6ecbeecc-74b2-4f9a-b716-ec523725fee2\":{\"position\":{\"x\":1126.4,\"y\":76}}},\"Annotations\":[]},\"Actions\":[{\"Parameters\":{\"EventHooks\":{\"CustomerWhisper\":\"$.FlowAttributes.ACME_customer_whisper_AUTO\"}},\"Identifier\":\"ec36f274-8b25-4195-b844-aa6ac1e2b025\",\"Type\":\"UpdateContactEventHooks\",\"Transitions\":{\"NextAction\":\"8ede2067-4db8-4bac-83db-4c87f65e8a5b\",\"Errors\":[{\"NextAction\":\"8ede2067-4db8-4bac-83db-4c87f65e8a5b\",\"ErrorType\":\"NoMatchingError\"}]}},{\"Parameters\":{\"FlowAttributes\":{\"change\":{\"Value\":\"me\"}}},\"Identifier\":\"FLOW_OBJECT_MAPS#\",\"Type\":\"UpdateFlowAttributes\",\"Transitions\":{\"NextAction\":\"ec36f274-8b25-4195-b844-aa6ac1e2b025\",\"Errors\":[{\"NextAction\":\"ec36f274-8b25-4195-b844-aa6ac1e2b025\",\"ErrorType\":\"NoMatchingError\"}]}},{\"Parameters\":{\"EventHooks\":{\"AgentWhisper\":\"$.FlowAttributes.ACME_agent_whisper_AUTO\"}},\"Identifier\":\"8ede2067-4db8-4bac-83db-4c87f65e8a5b\",\"Type\":\"UpdateContactEventHooks\",\"Transitions\":{\"NextAction\":\"842346a5-745e-473e-888c-57e5e32e42d6\",\"Errors\":[{\"NextAction\":\"842346a5-745e-473e-888c-57e5e32e42d6\",\"ErrorType\":\"NoMatchingError\"}]}},{\"Parameters\":{},\"Identifier\":\"842346a5-745e-473e-888c-57e5e32e42d6\",\"Type\":\"TransferContactToQueue\",\"Transitions\":{\"NextAction\":\"6ecbeecc-74b2-4f9a-b716-ec523725fee2\",\"Errors\":[{\"NextAction\":\"6ecbeecc-74b2-4f9a-b716-ec523725fee2\",\"ErrorType\":\"QueueAtCapacity\"},{\"NextAction\":\"6ecbeecc-74b2-4f9a-b716-ec523725fee2\",\"ErrorType\":\"NoMatchingError\"}]}},{\"Parameters\":{},\"Identifier\":\"6ecbeecc-74b2-4f9a-b716-ec523725fee2\",\"Type\":\"DisconnectParticipant\",\"Transitions\":{}}]}"
}