{
    "Name": "ACME_QC_transferToQueue_AUTO",
    "Type": "CONTACT_FLOW",
    "Description": "Quick Connect Contact Flow",
    "Content": "{\"Version\":\"2019-10-30\",\"StartAction\":\"bf85bd5c-8cd3-4135-9f1b-30bdb914eeb6\",\"Metadata\":{\"entryPointPosition\":{\"x\":20,\"y\":20},\"ActionMetadata\":{\"84ceaa1a-834e-4c84-a792-e8b08d746343\":{\"position\":{\"x\":520,\"y\":294.4}},\"8c760cd1-ac5c-43b2-a20b-94787495b8c9\":{\"position\":{\"x\":911.2,\"y\":328}},\"bf85bd5c-8cd3-4135-9f1b-30bdb914eeb6\":{\"position\":{\"x\":186.4,\"y\":296.8}}},\"Annotations\":[],\"name\":\"ACME_QC_transferToQueue\",\"description\":\"\",\"type\":\"queueTransfer\",\"status\":\"published\",\"hash\":{}},\"Actions\":[{\"Parameters\":{},\"Identifier\":\"84ceaa1a-834e-4c84-a792-e8b08d746343\",\"Type\":\"TransferContactToQueue\",\"Transitions\":{\"NextAction\":\"8c760cd1-ac5c-43b2-a20b-94787495b8c9\",\"Errors\":[{\"NextAction\":\"8c760cd1-ac5c-43b2-a20b-94787495b8c9\",\"ErrorType\":\"QueueAtCapacity\"},{\"NextAction\":\"8c760cd1-ac5c-43b2-a20b-94787495b8c9\",\"ErrorType\":\"NoMatchingError\"}]}},{\"Parameters\":{},\"Identifier\":\"8c760cd1-ac5c-43b2-a20b-94787495b8c9\",\"Type\":\"DisconnectParticipant\",\"Transitions\":{}},{\"Parameters\":{\"FlowLoggingBehavior\":\"Enabled\"},\"Identifier\":\"bf85bd5c-8cd3-4135-9f1b-30bdb914eeb6\",\"Type\":\"UpdateFlowLoggingBehavior\",\"Transitions\":{\"NextAction\":\"84ceaa1a-834e-4c84-a792-e8b08d746343\"}}]}"
}