{
    "Name": "ACME_ContactFlowModule_AUTO",
    "Description": "Contact Flow Module provisioned through Automation",
    "Content": "{\"Version\":\"2019-10-30\",\"StartAction\":\"FLOW_OBJECT_MAPS#\",\"Metadata\":{\"entryPointPosition\":{\"x\":40,\"y\":40},\"ActionMetadata\":{\"8c8ccbfe-c7a8-4a9a-9a38-b41fc120a5c9\":{\"position\":{\"x\":664,\"y\":72}},\"FLOW_OBJECT_MAPS#\":{\"position\":{\"x\":152.8,\"y\":23.2},\"isFriendlyName\":true},\"d0ddafbc-4c4c-4c1e-ba84-729cf3c1799a\":{\"position\":{\"x\":406.4,\"y\":27.2},\"dynamicParams\":[]}},\"Annotations\":[]},\"Actions\":[{\"Parameters\":{},\"Identifier\":\"8c8ccbfe-c7a8-4a9a-9a38-b41fc120a5c9\",\"Type\":\"EndFlowModuleExecution\",\"Transitions\":{}},{\"Parameters\":{\"FlowAttributes\":{\"change\":{\"Value\":\"me\"}}},\"Identifier\":\"FLOW_OBJECT_MAPS#\",\"Type\":\"UpdateFlowAttributes\",\"Transitions\":{\"NextAction\":\"d0ddafbc-4c4c-4c1e-ba84-729cf3c1799a\",\"Errors\":[{\"NextAction\":\"d0ddafbc-4c4c-4c1e-ba84-729cf3c1799a\",\"ErrorType\":\"NoMatchingError\"}]}},{\"Parameters\":{\"Attributes\":{\"Journey\":\"$.Attributes.Journey >> went_through_module\"},\"TargetContact\":\"Current\"},\"Identifier\":\"d0ddafbc-4c4c-4c1e-ba84-729cf3c1799a\",\"Type\":\"UpdateContactAttributes\",\"Transitions\":{\"NextAction\":\"8c8ccbfe-c7a8-4a9a-9a38-b41fc120a5c9\",\"Errors\":[{\"NextAction\":\"8c8ccbfe-c7a8-4a9a-9a38-b41fc120a5c9\",\"ErrorType\":\"NoMatchingError\"}]}}],\"Settings\":{\"InputParameters\":[],\"OutputParameters\":[],\"Transitions\":[{\"DisplayName\":\"Success\",\"ReferenceName\":\"Success\",\"Description\":\"\"},{\"DisplayName\":\"Error\",\"ReferenceName\":\"Error\",\"Description\":\"\"}]}}"
}