{
    "Name": "ACME_Main_AUTO",
    "Type": "CONTACT_FLOW",
    "Description": "Test Main Flow",
    "Content": "{\"Version\":\"2019-10-30\",\"StartAction\":\"cc06f7c7-7458-4de1-a177-cec53cd2374f\",\"Metadata\":{\"entryPointPosition\":{\"x\":-70.4,\"y\":12.8},\"ActionMetadata\":{\"cc06f7c7-7458-4de1-a177-cec53cd2374f\":{\"position\":{\"x\":44,\"y\":12.8}},\"FLOW_OBJECT_MAPS#\":{\"position\":{\"x\":271.2,\"y\":12.8},\"isFriendlyName\":true},\"5f4a8479-1c93-41e4-ba09-941608cf0dbc\":{\"position\":{\"x\":505.6,\"y\":13.6},\"overrideConsoleVoice\":false},\"d72fa272-5878-49b0-8e9e-b9327f967cb9\":{\"position\":{\"x\":742.4,\"y\":13.6}},\"70b62b74-c15f-4073-8662-4f5b6526163d\":{\"position\":{\"x\":1017.6,\"y\":251.2},\"parameters\":{\"ContactFlowId\":{\"useDynamic\":true}},\"useDynamic\":true},\"c733ed0f-663f-4d25-b90b-3308575cda06\":{\"position\":{\"x\":520.8,\"y\":233.6},\"parameters\":{\"FlowModuleId\":{\"useDynamic\":true}},\"useDynamic\":true},\"ad08e74e-f522-468b-b2aa-7cba53dc3d11\":{\"position\":{\"x\":762.4,\"y\":236.8},\"parameters\":{\"LambdaFunctionARN\":{\"useDynamic\":true}},\"dynamicMetadata\":{},\"useDynamic\":true},\"42afdd96-1eff-4841-83b0-eb782d2d0fb9\":{\"position\":{\"x\":237.6,\"y\":238.4},\"parameters\":{\"QueueId\":{\"useDynamic\":true}},\"useDynamic\":true},\"b7ebee4a-8edb-48b8-bd8f-7ef02367cb34\":{\"position\":{\"x\":239.2,\"y\":423.2},\"parameters\":{\"QueueId\":{\"useDynamic\":true}},\"useDynamic\":true},\"254b28a9-88cf-469c-b49c-a2f1d5e0fa4a\":{\"position\":{\"x\":972.8,\"y\":13.6},\"parameters\":{\"EventHooks\":{\"CustomerQueue\":{\"useDynamic\":true}}},\"useDynamic\":true,\"customerOrAgent\":true},\"f713e89c-d360-49a9-93ee-1fbaa5e0ff72\":{\"position\":{\"x\":-8,\"y\":345.6},\"parameters\":{\"LexV2Bot\":{\"AliasArn\":{\"useDynamic\":true,\"useLexBotDropdown\":false}}},\"useDynamicLexBotArn\":true,\"lexV2BotName\":\"\",\"conditionMetadata\":[{\"id\":\"1530b6d4-77fa-4ba0-86cc-f7fae5dd4172\",\"operator\":{\"name\":\"Equals\",\"value\":\"Equals\",\"shortDisplay\":\"=\"},\"value\":\"Sales\"},{\"id\":\"adef95f8-4f59-4d2f-bfcb-1655e1b2726a\",\"operator\":{\"name\":\"Equals\",\"value\":\"Equals\",\"shortDisplay\":\"=\"},\"value\":\"Finance\"}]},\"555f2130-406c-4ceb-9750-fad93b94040a\":{\"position\":{\"x\":1239.2,\"y\":501.6}},\"4eced497-6e19-4457-a80f-04d2a90fa065\":{\"position\":{\"x\":1469.6,\"y\":562.4}}},\"Annotations\":[]},\"Actions\":[{\"Parameters\":{\"FlowLoggingBehavior\":\"Enabled\"},\"Identifier\":\"cc06f7c7-7458-4de1-a177-cec53cd2374f\",\"Type\":\"UpdateFlowLoggingBehavior\",\"Transitions\":{\"NextAction\":\"FLOW_OBJECT_MAPS#\"}},{\"Parameters\":{\"FlowAttributes\":{\"change\":{\"Value\":\"me\"}}},\"Identifier\":\"FLOW_OBJECT_MAPS#\",\"Type\":\"UpdateFlowAttributes\",\"Transitions\":{\"NextAction\":\"5f4a8479-1c93-41e4-ba09-941608cf0dbc\",\"Errors\":[{\"NextAction\":\"5f4a8479-1c93-41e4-ba09-941608cf0dbc\",\"ErrorType\":\"NoMatchingError\"}]}},{\"Parameters\":{\"TextToSpeechVoice\":\"Joanna\"},\"Identifier\":\"5f4a8479-1c93-41e4-ba09-941608cf0dbc\",\"Type\":\"UpdateContactTextToSpeechVoice\",\"Transitions\":{\"NextAction\":\"d72fa272-5878-49b0-8e9e-b9327f967cb9\"}},{\"Parameters\":{\"SSML\":\"Welcome to ACME corporation\"},\"Identifier\":\"d72fa272-5878-49b0-8e9e-b9327f967cb9\",\"Type\":\"MessageParticipant\",\"Transitions\":{\"NextAction\":\"254b28a9-88cf-469c-b49c-a2f1d5e0fa4a\",\"Errors\":[{\"NextAction\":\"254b28a9-88cf-469c-b49c-a2f1d5e0fa4a\",\"ErrorType\":\"NoMatchingError\"}]}},{\"Parameters\":{\"ContactFlowId\":\"$.FlowAttributes.ACME_queue_transfer_AUTO\"},\"Identifier\":\"70b62b74-c15f-4073-8662-4f5b6526163d\",\"Type\":\"TransferToFlow\",\"Transitions\":{\"NextAction\":\"555f2130-406c-4ceb-9750-fad93b94040a\",\"Errors\":[{\"NextAction\":\"555f2130-406c-4ceb-9750-fad93b94040a\",\"ErrorType\":\"NoMatchingError\"}]}},{\"Parameters\":{\"FlowModuleId\":\"$.FlowAttributes.ACME_ContactFlowModule_AUTO\"},\"Identifier\":\"c733ed0f-663f-4d25-b90b-3308575cda06\",\"Type\":\"InvokeFlowModule\",\"Transitions\":{\"NextAction\":\"ad08e74e-f522-468b-b2aa-7cba53dc3d11\",\"Errors\":[{\"NextAction\":\"555f2130-406c-4ceb-9750-fad93b94040a\",\"ErrorType\":\"NoMatchingError\"}]}},{\"Parameters\":{\"LambdaFunctionARN\":\"$.FlowAttributes.ACME-exampleFunction\",\"InvocationTimeLimitSeconds\":\"3\",\"ResponseValidation\":{\"ResponseType\":\"STRING_MAP\"}},\"Identifier\":\"ad08e74e-f522-468b-b2aa-7cba53dc3d11\",\"Type\":\"InvokeLambdaFunction\",\"Transitions\":{\"NextAction\":\"70b62b74-c15f-4073-8662-4f5b6526163d\",\"Errors\":[{\"NextAction\":\"555f2130-406c-4ceb-9750-fad93b94040a\",\"ErrorType\":\"NoMatchingError\"}]}},{\"Parameters\":{\"QueueId\":\"$.FlowAttributes.Sales\"},\"Identifier\":\"42afdd96-1eff-4841-83b0-eb782d2d0fb9\",\"Type\":\"UpdateContactTargetQueue\",\"Transitions\":{\"NextAction\":\"c733ed0f-663f-4d25-b90b-3308575cda06\",\"Errors\":[{\"NextAction\":\"555f2130-406c-4ceb-9750-fad93b94040a\",\"ErrorType\":\"NoMatchingError\"}]}},{\"Parameters\":{\"QueueId\":\"$.FlowAttributes.Finance\"},\"Identifier\":\"b7ebee4a-8edb-48b8-bd8f-7ef02367cb34\",\"Type\":\"UpdateContactTargetQueue\",\"Transitions\":{\"NextAction\":\"c733ed0f-663f-4d25-b90b-3308575cda06\",\"Errors\":[{\"NextAction\":\"555f2130-406c-4ceb-9750-fad93b94040a\",\"ErrorType\":\"NoMatchingError\"}]}},{\"Parameters\":{\"EventHooks\":{\"CustomerQueue\":\"$.FlowAttributes.ACME_customer_queue_AUTO\"}},\"Identifier\":\"254b28a9-88cf-469c-b49c-a2f1d5e0fa4a\",\"Type\":\"UpdateContactEventHooks\",\"Transitions\":{\"NextAction\":\"f713e89c-d360-49a9-93ee-1fbaa5e0ff72\",\"Errors\":[{\"NextAction\":\"555f2130-406c-4ceb-9750-fad93b94040a\",\"ErrorType\":\"NoMatchingError\"}]}},{\"Parameters\":{\"Text\":\"Which department do you need to speak with? Please say Sales or Finance\",\"LexV2Bot\":{\"AliasArn\":\"$.FlowAttributes.ACME-lexbot-tfdemo\"}},\"Identifier\":\"f713e89c-d360-49a9-93ee-1fbaa5e0ff72\",\"Type\":\"ConnectParticipantWithLexBot\",\"Transitions\":{\"NextAction\":\"555f2130-406c-4ceb-9750-fad93b94040a\",\"Conditions\":[{\"NextAction\":\"42afdd96-1eff-4841-83b0-eb782d2d0fb9\",\"Condition\":{\"Operator\":\"Equals\",\"Operands\":[\"Sales\"]}},{\"NextAction\":\"b7ebee4a-8edb-48b8-bd8f-7ef02367cb34\",\"Condition\":{\"Operator\":\"Equals\",\"Operands\":[\"Finance\"]}}],\"Errors\":[{\"NextAction\":\"555f2130-406c-4ceb-9750-fad93b94040a\",\"ErrorType\":\"NoMatchingCondition\"},{\"NextAction\":\"555f2130-406c-4ceb-9750-fad93b94040a\",\"ErrorType\":\"NoMatchingError\"}]}},{\"Parameters\":{\"Text\":\"We are experiencing technical difficulties. Please retry your call.\"},\"Identifier\":\"555f2130-406c-4ceb-9750-fad93b94040a\",\"Type\":\"MessageParticipant\",\"Transitions\":{\"NextAction\":\"4eced497-6e19-4457-a80f-04d2a90fa065\",\"Errors\":[{\"NextAction\":\"4eced497-6e19-4457-a80f-04d2a90fa065\",\"ErrorType\":\"NoMatchingError\"}]}},{\"Parameters\":{},\"Identifier\":\"4eced497-6e19-4457-a80f-04d2a90fa065\",\"Type\":\"DisconnectParticipant\",\"Transitions\":{}}]}"
}
