{
    "Name": "ACME_customer_queue_AUTO",
    "Type": "CUSTOMER_QUEUE",
    "Content": "{\"Version\":\"2019-10-30\",\"StartAction\":\"7c3cfb6e-2d8c-481f-8ec7-f259ce0b09c3\",\"Metadata\":{\"entryPointPosition\":{\"x\":18.4,\"y\":68.8},\"ActionMetadata\":{\"040feeb0-3ff3-4d4b-8f65-31ffaf0749c3\":{\"position\":{\"x\":484.8,\"y\":130.4}},\"7c3cfb6e-2d8c-481f-8ec7-f259ce0b09c3\":{\"position\":{\"x\":208.8,\"y\":102.4},\"parameters\":{\"Messages\":[null,{\"PromptId\":{\"displayName\":\"CustomerQueue.wav\"}}]},\"audio\":[{\"id\":\"PROMPT#CustomerQueue\",\"text\":\"CustomerQueue.wav\",\"type\":\"Prompt\"}]}},\"Annotations\":[]},\"Actions\":[{\"Parameters\":{},\"Identifier\":\"040feeb0-3ff3-4d4b-8f65-31ffaf0749c3\",\"Type\":\"DisconnectParticipant\",\"Transitions\":{}},{\"Parameters\":{\"Messages\":[{\"Text\":\"Hi, Thanks for calling. Please stay on the line for the next available representative.\"},{\"PromptId\":\"PROMPT#CustomerQueue\"}]},\"Identifier\":\"7c3cfb6e-2d8c-481f-8ec7-f259ce0b09c3\",\"Type\":\"MessageParticipantIteratively\",\"Transitions\":{\"NextAction\":\"040feeb0-3ff3-4d4b-8f65-31ffaf0749c3\",\"Errors\":[{\"NextAction\":\"040feeb0-3ff3-4d4b-8f65-31ffaf0749c3\",\"ErrorType\":\"NoMatchingError\"}]}}]}"
}